name,serial num,model,ver,ip_addr,total mem,free mem
r1,4279256517,7206VXR,15.2(4)M7,(10.3.3.1, 192.168.2.1, 192.168.1.3),344251.13671875,293556.93359375
