name,serial num,model,ver,ip_addr,total mem,free mem
r2,4279256517,7206VXR,15.2(4)M7,(10.3.3.2, 192.168.3.1, 192.168.1.2, 192.168.100.143),344251.13671875,293446.7890625
